{"accuracy(mape derived)": -321.22947043044326, "r2": -9.241078556306912, "adjusted r2": -9.241480524774833, "rmse": 1249.0869627126706}